{
    "komandjoari": "komondjari",
    "haut bassins": "hauts bassins",
    "kanyosha2": "kanyosha",
    "kanyosha1": "kanyosha",
    "bukinanyana": "bukinanvana",
    "nyanrusange": "nyarusange",
    "muramviya": "muramvya",
    "buhinvuza": "buhinyuza",
    "nvamurenza": "nyamurenza",
    "adamaoua": "adamawa",
    "extreme nord":"far north",
    "north": "nord",
    "nord ouest": "northwest",
    "southwest": "sud ouest" ,
    "south": "sud",
    "ouest": "west",
    "east": "est",
    "djemah": "djema",
    "sud ubangi": "south ubangi",
    "barh el ghazel nord": "barh el gazel nord",
    "barh el ghazel ouest": "barh el gazel ouest",
    "gambo ouango": "gambo",
    "batha oues": "batha ouest",
    "ennedi est": "ennedi",
    "ennedi ouest": "ennedi",
    "ngourkoussou": "ngourkosso",
    "la nya": "lanya",
    "nya pende": "la nya pende",
    "pende": "la pende",
    "assoungha": "assongha",
    "ville de ndjamena": "ndjamena",
    "bondo (ville)": "bondo",
    "aketi (ville)": "aketi",
    "buta (ville)": "buta",
    "dingila (ville)": "dingila",
    "basankusu (ville)": "basankusu",
    "mbandaka (ville)": "mbandaka",
    "city of basankusu": "basankusu",
    "mbandaka": "city of mbandaka",
    "likasi": "city of likasi",
    "lubumbashi": "city of lubumbashi",
    "kipushi (ville)": "kipushi",
    "city of kamina": "kamina",
    "kamina (ville)": "kamina",
    "aba": "city of aba",
    "city of dungu": "dungu",
    "dungu (ville)": "dungu",
    "city of wamba": "wamba",
    "wamba (ville)": "wamba",
    "city of watsa": "watsa",
    "watsa (ville)": "watsa",
    "city of aru": "aru",
    "aru (ville)": "aru",
    "bunia": "city of bunia",
    "city of mahagi": "mahagi",
    "mahagi (ville)": "mahagi",
    "ilebo (ville)": "ilebo",
    "luebo (ville)": "luebo",
    "tshikapa (ville)": "tshikapa",
    "kisangani": "city of kisangani",
    "city of ilebo": "ilebo",
    "tshikapa": "city of tshikapa",
    "kananga": "city of kananga",
    "zongo": "city of zongo",
    "agew awi": "awi",
    "mbuji mayi": "city of mbuji mayi",
    "agnuak": "agniwak",
    "miabi (ville)": "miabi",
    "tshilenge (ville)": "tshilenge",
    "kinshasa": "city of kinshasa",
    "bangu": "city of bangu",
    "gbapolu": "gbarpolu",
    "majang": "mezhenger",
    "debub mirab shewa": "south west shewa",
    "panta kpa": "panta",
    "sanayea": "sanoyeah",
    "boma": "city of boma",
    "kelem wellega": "kelem",
    "gemena (ville)": "gemena",
    "kalima": "city of kalima",
    "shabelle": "shebelle",
    "silti": "silltie",
    "debub omo": "south omo",
    "kasangulu (ville)": "kasangulu",
    "lukula (ville)": "lukula",
    "mbanza ngungu (ville)": "mbanza ngungu",
    "moanda (ville)": "moanda",
    "tshela (ville)": "tshela",
    "city of kahemba": "kahemba",
    "kahemba (ville)": "kahemba",
    "beni": "city of beni",
    "nord kivu": "north kivu",
    "sud kivu": "south kivu",
    "hareri": "harari",
    "doolo": "dollo",
    "manono (ville)": "city of manono",
    "bukavu": "city of bukavu",
    "nord ubangi": "north ubangi",
    "butembo": "city of butembo",
    "kasongo lunda (ville)": "kasongo lunda",
    "kenge (ville)": "kenge",
    "bandundu": "city of bandundu",
    "bulungu (ville)": "bulungu",
    "kikwit": "city of kikwit",
    "gungu (ville)": "gungu",
    "idiofa (ville)": "idiofa",
    "masi manimba (ville)": "masi manimba",
    "city of kabinda": "kabinda",
    "kabinda (ville)": "kabinda",
    "lubao (ville)": "lubao",
    "mwene ditu": "city of mwene ditu",
    "ngandajika (ville)": "ngandajika",
    "kolwezi":"city of kolwezi",
    "bolobo (ville)": "bolobo",
    "city of inongo": "inongo",
    "inongo (ville)": "inongo",
    "kasongo (ville)": "kasongo",
    "kindu (ville)": "kindu",
    "kindu": "city of kindu",
    "gbadolite": "city of gbadolite",
    "lubutu (ville)": "lubutu",
    "punia (ville)": "punia",
    "bumba (ville)": "bumba",
    "isale": "isare",
    "lisala (ville)": "lisala",
    "addis abeba": "addis ababa",
    "region 14": "addis ababa",
    "benshangul gumaz": "benshangul gumuz",
    "gambela peoples": "gambela",
    "harari people": "harari",
    "kelem": "kelem wellega",
    "gujii": "guji",
    "mirab gojjam": "west gojam",
    "misraq gojjam": "east gojam",
    "mirab arsi": "west arsi",
    "mirab hararghe": "west hararge",
    "mirab shewa": "west shewa",
    "mirab welega": "west wellega",
    "misraq harerge": "east hararge",
    "misraq shewa": "east shewa",
    "misraq wellega": "east wellega",
    "siti": "sitti",
    "shebelle": "shabelle",
    "dollo": "doolo",
    "southern nations, nationalities": "snnpr",
    "debub gondar": "south gondar",
    "debub wollo": "south wollo",
    "semen gondar": "north gondar",
    "semen wello": "north wollo",
    "mehakelegnaw": "central tigray",
    "miirabawi": "west tigray",
    "misraqawi": "east tigray",
    "semien miirabaw": "northwest tigray",
    "debubawi": "south tigray",
    "fria": "kindia",
    "yamou": "yomou",
    "daadab": "dadaab",
    "lungalunga": "lunga lunga",
    "golakonneh": "gola konneh",
    "commnwealth": "commonwealth",
    "district # 4": "district four",
    "district # 3": "district three",
    "district # 2": "district two",
    "district # 1": "district one",
    "pleebo/sodeken": "pleebo/sodoken",
    "st paul river": "saint paul river",
    "stjohnriver": "saint john river city",
    "sasstown 180606": "sasstown",
    "tichitt": "tichit",
    "lower kru coast": "lower jloh",
    "upperkrucoast": "upper jloh",
    "barkeol": "barkewol",
    "gbehlageh": "gbehlay geh",
    "djiguenni": "djigueni",
    "tamchakett": "tamchaket",
    "inhambane city": "inhambane",
    "maputo city": "maputo",
    "nassa": "niassa",
    "dedza boma": "dedza",
    "beira city": "sofala",
    "caia": "beira",
    "atsimo atsinana": "atsimo atsinanana",
    "vatovavy": "vatovavy fitovinany",
    "sanniquelleh mahn": "sanniquellie mahn",
    "yarwein mehnsohnne": "yarwein mehnsonnoh",
    "zoegeh": "zoe gbao",
    "pyneston": "pynes town",
    "jaedae jaedepo": "jaedae",
    "atsimo atsinanana": "atsimo atsinana",
    "vatovavy fitovinany": "vatovavy",
    "toliary": "toliara",
    "nyipa n. p.   karonga": "nyika national park",
    "vwaza marsh game reserve   mzimb": "vwaza marsh game reserve",
    "majete game reserve   mwanza": "majete game reserve",
    "majete game reserve   neno": "majete game reserve",
    "rumphi boma": "rumphi",
    "thyolo boma": "thyolo",
    "zomba city": "zomba",
    "timbuktu": "tombouctou",
    "barkewol": "barkeol",
    "djigueni": "djiguenni",
    "tamchaket": "tamchakett",
    "tichit": "tichitt",
    "vilankulo": "vilanculos",
    "mandlakaze": "mandlakazi",
    "nacala a velha": "nacala velha",
    "nacala porto": "nacala velha",
    "namapa": "nampula",
    "lichinga": "lichinga city",
    "mecanhelas": "mecanhelas",
    "marrupa": "marrupa",
    "maua": "maua",
    "mavago": "mavago",
    "mandimba": "mandimba",
    "majune": "majune",
    "ngauma": "ngauma",
    "nipepe": "nipepe",
    "sanga": "sanga",
    "metuge": "metuge",
    "ibo": "ibo",
    "xai xai": "xai xai city",
    "inhambane": "inhambane city",
    "maxixe": "maxixe city",
    "boane": "boane",
    "maputo": "maputo city",
    "pemba": "pemba city",
    "montepuez": "montepuez",
    "metarica": "metarica",
    "sofala": "beira city",
    "zumbu": "zumbo",
    "derre": "derre",
    "luabo": "luabo",
    "mocubela": "mocubela",
    "molumbo": "molumbo",
    "mulevala": "mulevala",
    "quelimane": "quelimane",
    "iferouane": "iferouane",
    "ingall": "ingall",
    "tchighozerine": "tchirozerine",
    "ngourti": "ngourti",
    "dioundiou": "dioundiou",
    "dogondoutchi": "dogon doutchi",
    "falmey": "falmey",
    "bermo": "bermo",
    "gazaoua": "gazaoua",
    "guidan roumdji": "groumdji",
    "niamey": "niamey",
    "niamey commune ii": "niamey commune ii",
    "niamey commune iii": "niamey commune iii",
    "niamey commune iv": "niamey commune iv",
    "bagaroua": "bagaroua",
    "birni nkonni": "bkonni",
    "malbaza": "malbaza",
    "tassara": "tassara",
    "tchin tabarade": "tchintabaraden",
    "tillia": "tillia",
    "abala": "abala",
    "ayerou": "ayerou",
    "banibangou": "banibangou",
    "bankilare": "bankilare",
    "filingue": "filingue",
    "gotheye": "gotheye",
    "kollo": "kollo",
    "ouallam": "ouallam",
    "say": "say",
    "tagazar": "tagazar",
    "tera": "tera",
    "tillaberi": "tillaberi",
    "tillaberi commune": "tillaberi commune",
    "torodi": "torodi",
    "dungass": "dungass",
    "kantche": "kantche",
    "matameye": "matameye",
    "takaya": "takaya",
    "takeita": "takeita",
    "tarka": "tarka",
    "tasker": "tasker",
    "zinder commune": "zinder commune",
    "aba north": "aba north",
    "aba south": "aba south",
    "isuikwutato": "isuikwuato",
    "girei": "girie",
    "teungo": "toungo",
    "udung uko": "udung uko",
    "urue offong": "urue offong/oruko",
    "dunukofia": "dunukofia",
    "onitsha north": "onitsha north",
    "onitsha south": "onitsha south",
    "vande ikya": "vandeikya",
    "lake chad": "lake chad",
    "calabar": "calabar municipal",
    "emure": "emure/ise/orun",
    "gbonyin": "gboyin",
    "abuja": "abuja municipal",
    "gombe": "gombe",
    "shomgom": "shongom",
    "isu": "isu",
    "mbatoli": "mbaitoli",
    "nkwerre": "nkwerre",
    "nwangele": "nwangele",
    "unuimo": "unuimo",
    "biriniwa": "birniwa",
    "hadejia": "hadejia",
    "malam maduri": "malam madori",
    "kano": "kano",
    "nasarawa": "nasarawa",
    "dan musa": "danmusa",
    "dutsin ma": "dutsinma",
    "sandamu": "sandamu",
    "aleiro": "aliero",
    "igalamela odolu": "igalamela/odolu",
    "kabba bunu": "kabba/bunu",
    "kogi": "kogi",
    "koton karfe": "koton karfe",
    "ifako/ijaye": "ifako ijaye",
    "ikeja": "ikeja",
    "lagos mainland": "mainland",
    "oshodi/isolo": "oshodi isolo",
    "shomolu": "shomolu",
    "surulere": "surulere",
    "bida": "bida",
    "ile oluji/oke igbo": "ile oluji/okeigbo",
    "aiyedade": "ayedaade",
    "atakumosa east": "atakunmosa east",
    "atakumosa west": "atakunmosa west",
    "ilesa east": "ilesha east",
    "ilesa west": "ilesha west",
    "ogbomosho north": "ogbomoso north",
    "ogbomosho south": "ogbomoso south",
    "oorelope": "orelope",
    "ori ire": "oriire",
    "ogu/bolo": "ogu/bolo",
    "omuma": "omumma",
    "sokoto north": "sokoto north",
    "sokoto south": "sokoto south",
    "borsari": "bursari",
    "birnin magaji": "birnin magaji/kiyaw",
    "western rural": "western area rural",
    "western urban": "western area urban",
    "boorama": "borama",
    "rab dhuure": "rabdhuure",
    "tiyeeglow": "tiyeglow",
    "mogadisho": "mogadishu",
    "calawla": "caluula",
    "buur hakaba": "buur xakaba",
    "qansax dheere": "qansax dheere",
    "ceel buur": "ceel buur",
    "ceel dheer": "ceel dheer",
    "dhuusamarreeb": "dhuusamareeb",
    "baar dheere": "baardheere",
    "dolow": "doolow",
    "garbahaaray": "garbahaarey",
    "luuk": "luuq",
    "beled weyn": "beledweyn",
    "bulo burte": "buulo burdo",
    "buaale": "bu'aale",
    "kismaayo": "kismayo",
    "marka": "marca",
    "xarardheere": "harardhere",
    "butinle": "burtinle",
    "garoowe": "garowe",
    "ceel afwein": "ceel afweyn",
    "ceerigaabo": "cerigabo",
    "caynaba": "caynabo",
    "laas caanood": "lasanod",
    "taleex": "talex",
    "burao": "burco",
    "hargeysa": "hargeisa",
    "bahr al jabal": "juba",
    "kajo kaii": "kajo keji",
    "nahr yei": "yei",
    "terkaka": "terekeka",
    "shokodom": "shokodam",
    "jungoli": "jonglei",
    "fam al zaraf": "fangak",
    "nahr atiem": "canal/pigi",
    "wat": "duk",
    "shobet": "rumbek",
    "yerol": "yirol",
    "aryat": "aweil",
    "nahr lol": "aweil north",
    "wanjuk": "aweil west",
    "al leiri": "leer",
    "al mayom": "mayom",
    "faring": "fariang",
    "rabkona": "rubkona",
    "al mabien": "malakal",
    "al renk": "renk",
    "baleit": "baliet",
    "fashooda": "fashoda",
    "mayot": "maiwut",
    "sobat": "nasir",
    "tonga": "malut",
    "gogrial": "gogrial west",
    "malek": "tonj south",
    "tonj": "tonj north",
    "warab": "warrap",
    "meridi": "maridi",
    "mundri": "mundri west",
    "tombura": "tambura",
    "yambio": "yambio",
    "zallingi": "zalingei",
    "hamashkorieb": "hamashkoreib",
    "karary": "karari",
    "merawi": "marawi",
    "wadi halfa": "halfa",
    "abu hamed": "abu hamad",
    "al matammah": "al matamma",
    "berber": "barbar",
    "abu houjar": "abu jubaiha",
    "el abassiya": "abassiya",
    "reif ashargi": "rashad",
    "al geneina": "geneina",
    "ghebeish": "ghubaysh",
    "as salam": "el salam",
    "en nuhud": "al nuhud",
    "ad douiem": "el douiem",
    "al gutaina": "el gutaina",
    "al jabalian": "el jabalian",
    "um ramtta": "ramtta",
    "bielel": "buram",
    "id el ghanem": "el ghanem",
    "kas": "kass",
    "tulus": "tullus",
    "abu jubaiyah": "abu jubaiha",
    "dilling": "dilling",
    "kadugli": "kadugli",
    "rashad": "rashad",
    "talodi": "talodi",
    "abyei": "abu zabad",
    "ramtta": "ramtta",
    "al buraiqeh": "al burayqah",
    "ash shaikh outhman": "ash shaikh uthman",
    "craiter": "crater",
    "dar sa`d": "dar sad",
    "dhi bin": "dhibin",
    "al wadea": "al wadi'ah",
    "al wuday`": "al wudayah",
    "al husayn": "al hussein",
    "al husha": "al husha'",
    "ash shu`ayb": "ash shuayb",
    "al `arsh": "al arsh",
    "al malagim": "al malajim",
    "al quraishyah": "al qurayshiyah",
    "ar ryashyyah": "ar riyashiyah",
    "as sawm`ah": "as sawmaah",
    "dhi na`im": "dhi naim",
    "na`aman": "naman",
    "nati`": "nati",
    "rada`": "rada",
    "wald rabi`a": "wald rabi",
    "ad dhalee": "ad dali",
    "al garrahi": "al jarrahi",
    "al marawi`ah": "al marawiah",
    "alluheyah": "al luhayyah",
    "at tuhayat": "at tuhayta",
    "bayt al faqiah": "bayt al faqih",
    "bura`": "bura",
    "al khalq": "al khalaq",
    "al maslub": "al masloob",
    "bart al anan": "barat al anan",
    "khabb wa ash shaaf": "khab wa ash sha`af",
    "sayhut": "sayhoot",
    "bani sa`ad": "bani sad",
    "aththaorah": "ath thaorah",
    "maain": "ma`ain",
    "assafiyah": "as safiyah",
    "mayfa`at `ans": "mayfaat anss",
    "wusab al `ali": "wusab al ali",
    "hadramaut": "hadramawt",
    "ad dis": "adh dis",
    "adh dhliaah": "ad dli`ah",
    "hagr as saiar": "hajr as say`ar",
    "hidaybu": "hadibu",
    "qulensya wa abd al kuri": "qulansiyah wa `abd al kuri",
    "zamakh wa manwakh": "zamukh wa manwakh",
    "aflah ash shawm": "aflah ash shawm",
    "aslem": "aslam",
    "bani al `awwam": "bani al awam",
    "bani qais": "bani qays",
    "ku`aydinah": "kuaydinah",
    "kuhlan `affar": "kuhlan affar",
    "qafl shamar": "qafl shamer",
    "sharas": "shares",
    "ash sha`ir": "ash shair",
    "ba`adan": "badan",
    "far` al `udayn": "far al udayn",
    "hazm al `udayn": "hazm al udayn",
    "al madaribah wa al `arah": "al madaribah wa al arah",
    "al maflahi": "al maflahy",
    "yafi`": "yafaa",
    "al `abdiyah": "al abdiyah",
    "harib al qaramesh": "harib al qaramish",
    "mahiliyah": "mahliyah",
    "al ja`afariyah": "al jafariyah",
    "bilad at ta`am": "bilad at taam",
    "maz har": "mazhar",
    "ad dahir": "al dhaher",
    "munabbih": "monabbih",
    "sa`afan": "safan",
    "as sa`id": "as said",
    "at talh": "al talh",
    "mayfa`ah": "mayfaa",
    "markhah al `ulya": "merkhah al ulya",
    "markhah as sufla": "merkhah as sufla",
    "ta`izz": "taizz",
    "al waziiyah": "al wazi`iyah",
    "at taiziyah": "at ta`izziyah",
    "sharab ar rawnah": "shar`ab ar rawnah",
    "sharab as salam": "shar`ab as salam",
    "shiwang?andu": "shiwamgandu",
    "lunte district": "lunte",
    "senga hill": "senga",
    "chikankata": "chikankanta",
    "harare rural": "harare",
    "harare urban": "harare",
    "chipinge rural": "chipinge",
    "chipinge urban": "chipinge",
    "mutare rural": "mutare",
    "mutare urban": "mutare",
    "bindura rural": "bindura",
    "bindura urban": "bindura",
    "centenary/ muzarabani": "centenary",
    "marondera urban": "marondera",
    "chegutu rural": "chegutu",
    "chegutu urban": "chegutu",
    "kadoma urban": "kadoma",
    "kariba urban": "kariba",
    "chiredzi": "chiredzi urban",
    "hwange": "hwange urban",
    "beitbridge": "beitbridge urban",
    "gwanda": "gwanda urban",
    "gokwe south": "gokwe south urban",
    "gweru": "gweru urban",
    "kwekwe": "kwekwe urban",
    "shurugwi": "shurugwi urban",
    "zvishavane": "zvishavane urban",
    "tillabery": "tillaberi",
    "bkonni": "birni nkonni",
    "isuikwuato": "isuikwutato",
    "obi ngwa": "obingwa",
    "girie": "girei",
    "ado": "ado ekiti",
    "bukuru": "buruku",
    "otukpo": "oturkpo",
    "emure/ise/orun": "emure",
    "gboyin": "gbonyin",
    "kiri kasama": "kiri kasamma",
    "garum mallam": "garun mallam",
    "danmusa": "dan musa",
    "dutsinma": "dutsin ma",
    "danko wasagu": "wasagu/danko",
    "kabba/bunu": "kabba bunu",
    "ile oluji/okeigbo": "ile oluji/oke igbo",
    "ilesha east": "ilesa east",
    "ilesha west": "ilesa west",
    "orelope": "oorelope",
    "omumma": "omuma",
    "birnin magaji/kiyaw": "birnin magaji",
    "wajid": "waajid",
    "buur xakaba": "buur hakaba",
    "caabudwaaq": "cabudwaaq",
    "bander beyla": "bandar beyla",
    "galguduud": "galgaduud",
    "dhuusamareeb": "dhuusamarreeb",
    "hiiraan": "hiiraan",
    "buulo burdo": "bulo burte",
    "jubbada hoose": "lower juba",
    "kismayo": "kismaayo",
    "shabeellaha hoose": "lower shabelle",
    "jubbada dhexe": "middle juba",
    "shabeellaha dhexe": "middle shabelle",
    "kuntuwaaray": "kurtunwaarey",
    "marca": "marka",
    "sablale": "sablaale",
    "jawhar": "jowhar",
    "gaalkacayo": "gaalkacyo",
    "harardhere": "xarardheere",
    "burtinle": "butinle",
    "garowe": "garoowe",
    "cerigabo": "ceerigaabo",
    "caynabo": "caynaba",
    "lascaanod": "laas caanood",
    "hargeisa": "hargeysa",
    "aadan": "aadan yabaal",
    "kapoeta": "kapoeta north",
    "bor": "bor south",
    "rumbek": "rumbek north",
    "yirol": "yirol west",
    "aweil": "aweil south",
    "north bahr al ghazal": "northern bahr el ghazal",
    "malut": "melut",
    "warap": "warrap",
    "west bahr al ghazal": "western bahr el ghazal",
    "raja": "raga",
    "west equatoria": "western equatoria",
    "baw": "bau",
    "al deain": "ed daein",
    "nahr atbara": "atbara river",
    "khartoum bahri": "khartoum north",
    "north kurdufan": "north kordofan",
    "jebrat al sheikh": "jebrat el sheikh",
    "sheikan": "shiekan",
    "sowdari": "sodari",
    "addabah": "al daba",
    "abu hamad": "abu hamed",
    "ad damer": "ad damar",
    "sennar": "sinnar",
    "ad dinder": "el dindir",
    "south kurdufan": "south kordofan",
    "geneina": "el geneina",
    "west kurdufan": "west kordofan",
    "buvuma islands": "buvuma",
    "kumi": "eastern",
    "al wadiah": "al wuday",
    "khanfir": "khanfar",
    "al dali": "ad dali",
    "al hussein": "al husayn",
    "qaatabah": "qatabah",
    "as sawmaah": "as sawmah",
    "naman": "naaman",
    "wald rabi": "wald rabia",
    "al matamma": "al matammah",
    "al maton": "al matoon",
    "al mahwait": "al mahwit",
    "bani sad": "bani saad",
    "bani suraim": "bani suraym",
    "dhibin": "dhi bin",
    "habur zulaymah": "habur dulaymah",
    "thula": "thila",
    "anss": "ans",
    "maghirib ans": "maghrib ans",
    "mayfaat anss": "mayfaat ans",
    "hadramawt": "hadramaut",
    "ad dli`ah": "ad dliah",
    "adh dis": "ad dis",
    "al abr": "al abr",
    "ar raydah wa qusayar": "ar raydah wa qusayar",
    "brom mayfa": "brom mayfa",
    "dawan": "dawan",
    "huraidhah": "huraydah",
    "wadi al ayn": "wadi al ayn",
    "yabuth": "yabuth",
    "sana": "sanaa",
    "al dhaher": "ad dahir",
    "kitaf wa al boqee": "kitaf wa al boqee",
    "monabbih": "munabbih",
    "shadaa": "shada",
    "al husn": "al hisn",
    "attyal": "at tiyal",
    "bani dhabyan": "bani dabyan",
    "bani al awam": "bani al awwam",
    "qafl shamer": "qafl shamar",
    "badan": "baadan",
    "al maflahy": "al maflahi",
    "yafaa": "yafi",
    "harib al qaramish": "harib al qaramesh",
    "mahliyah": "mahiliyah",
    "al jafariyah": "al jaafariyah",
    "mazhar": "maz har",
    "khwlan": "khawlan",
    "safan": "saafan",
    "dhar": "duhar",
    "merkhah al ulya": "markhah al ulya",
    "merkhah as sufla": "markhah as sufla",
    "mayfaa": "mayfaah",
    "al maafer": "al maafir",
    "jabal habashy": "jabal habashi",
    "al talh": "at talh",
    "al bayda city": "rada",
    "chipinge" : "chipinge rural",
    "mutare" : "mutare urban",
    "bindura" : "bindura rural",
    "chegutu" : "chegutu rural",
    "chinhoyi" : "chinhoyi urban",
    "kadoma" : "kadoma urban",
    "chiredzi urban": "chiredzi",
    "chiengi": "chienge",
    "milengi" : "milenge",
    "shiwamgandu" : "shiwang?andu",
    "chikankanta" : "chikankata"

}
